{
  "IcoMoonType": "selection",
  "icons": [
    {
      "icon": {
        "paths": [
          "M304 608c0 114.876 93.124 208 208 208s208-93.124 208-208-93.124-208-208-208-208 93.124-208 208zM960 256h-224c-16-64-32-128-96-128h-256c-64 0-80 64-96 128h-224c-35.2 0-64 28.8-64 64v576c0 35.2 28.8 64 64 64h896c35.2 0 64-28.8 64-64v-576c0-35.2-28.8-64-64-64zM512 892c-156.85 0-284-127.148-284-284 0-156.85 127.15-284 284-284 156.852 0 284 127.15 284 284 0 156.852-127.146 284-284 284zM960 448h-128v-64h128v64z"
        ],
        "tags": [
          "camera",
          "photo",
          "picture",
          "image"
        ],
        "defaultCode": 59663,
        "grid": 16,
        "attrs": []
      },
      "attrs": [],
      "properties": {
        "ligatures": "camera, photo",
        "name": "camera",
        "order": 9,
        "id": 16,
        "prevSize": 16
      },
      "setIdx": 6,
      "setId": 1,
      "iconIdx": 15
    },
    {
      "icon": {
        "paths": [
          "M960 0h64v736c0 88.366-100.29 160-224 160s-224-71.634-224-160c0-88.368 100.29-160 224-160 62.684 0 119.342 18.4 160 48.040v-368.040l-512 113.778v494.222c0 88.366-100.288 160-224 160s-224-71.634-224-160c0-88.368 100.288-160 224-160 62.684 0 119.342 18.4 160 48.040v-624.040l576-128z"
        ],
        "tags": [
          "music",
          "song",
          "audio",
          "sound",
          "note"
        ],
        "defaultCode": 59665,
        "grid": 16,
        "attrs": []
      },
      "attrs": [],
      "properties": {
        "ligatures": "music, song",
        "name": "music",
        "order": 10,
        "id": 18,
        "prevSize": 16
      },
      "setIdx": 6,
      "setId": 1,
      "iconIdx": 17
    },
    {
      "icon": {
        "paths": [
          "M771.516 320c18.126-12.88 35.512-27.216 51.444-43.148 33.402-33.402 55.746-74.5 62.912-115.722 7.858-45.186-3.672-87.14-31.63-115.1-22.3-22.298-52.51-34.086-87.364-34.086-49.632 0-101.922 23.824-143.46 65.362-66.476 66.476-105.226 158.238-126.076 223.722-15.44-65.802-46.206-154.644-106.018-214.458-32.094-32.092-73.114-48.57-111.846-48.57-31.654 0-61.78 11.004-84.26 33.486-49.986 49.988-43.232 137.786 15.086 196.104 20.792 20.792 45.098 38.062 70.72 52.412h-217.024v256h64v448h768v-448.002h64v-256h-188.484zM674.326 128.218c27.724-27.724 62.322-44.274 92.55-44.274 10.7 0 25.708 2.254 36.45 12.998 26.030 26.028 11.412 86.308-31.28 128.998-43.946 43.946-103.060 74.168-154.432 94.060h-50.672c18.568-57.548 52.058-136.456 107.384-191.782zM233.934 160.89c-0.702-9.12-0.050-26.248 12.196-38.494 10.244-10.244 23.788-12.396 33.348-12.396v0c21.258 0 43.468 10.016 60.932 27.48 33.872 33.872 61.766 87.772 80.668 155.876 0.51 1.84 1.008 3.67 1.496 5.486-1.816-0.486-3.646-0.984-5.486-1.496-68.104-18.904-122.002-46.798-155.874-80.67-15.828-15.826-25.77-36.16-27.28-55.786zM448 960h-256v-416h256v416zM448 512h-320v-128h320v128zM832 960h-256v-416h256v416zM896 512h-320v-128h320v128z"
        ],
        "tags": [
          "gift",
          "present",
          "box"
        ],
        "defaultCode": 59807,
        "grid": 16,
        "attrs": []
      },
      "attrs": [],
      "properties": {
        "ligatures": "gift, present",
        "name": "gift",
        "order": 7,
        "id": 160,
        "prevSize": 16
      },
      "setIdx": 6,
      "setId": 1,
      "iconIdx": 159
    },
    {
      "icon": {
        "paths": [
          "M448 304c0-26.4 21.6-48 48-48h32c26.4 0 48 21.6 48 48v32c0 26.4-21.6 48-48 48h-32c-26.4 0-48-21.6-48-48v-32z",
          "M640 768h-256v-64h64v-192h-64v-64h192v256h64z",
          "M512 0c-282.77 0-512 229.23-512 512s229.23 512 512 512 512-229.23 512-512-229.23-512-512-512zM512 928c-229.75 0-416-186.25-416-416s186.25-416 416-416 416 186.25 416 416-186.25 416-416 416z"
        ],
        "tags": [
          "info",
          "information"
        ],
        "defaultCode": 59916,
        "grid": 16,
        "attrs": []
      },
      "attrs": [],
      "properties": {
        "ligatures": "info, information",
        "name": "info",
        "order": 8,
        "id": 269,
        "prevSize": 16
      },
      "setIdx": 6,
      "setId": 1,
      "iconIdx": 268
    }
  ],
  "height": 1024,
  "preferences": {
    "showGlyphs": true,
    "showQuickUse": true,
    "showQuickUse2": true,
    "showSVGs": true,
    "fontPref": {
      "prefix": "icon-",
      "metadata": {
        "fontFamily": "icomoon"
      },
      "metrics": {
        "emSize": 1024,
        "baseline": 6.25,
        "whitespace": 50
      },
      "embed": false
    },
    "imagePref": {
      "prefix": "icon-",
      "png": true,
      "useClassSelector": true,
      "color": 0,
      "bgColor": 16777215,
      "classSelector": ".icon",
      "name": "icomoon"
    },
    "historySize": 50,
    "showCodes": true,
    "gridSize": 16
  }
}